task,language,start_ts,end_ts,elapsed_sec,tokens,verified
task_a_hello_json,zero,1784828066.172849432,1784828071.443816366,5.271,84,pass
task_a_hello_json,go,1784828119.362077003,1784828124.494390607,5.132,144,pass
task_a_hello_json,python,1784828149.729665797,1784828154.320470697,4.591,164,pass
task_a_hello_json,node,1784828165.731036688,1784828169.675531942,3.945,111,pass
task_a_hello_json,csharp,1784828180.784970800,1784828186.137285471,5.352,177,pass
task_a_hello_json,java,1784828214.013465526,1784828220.895221335,6.882,237,pass
task_b_cli_file_sum,zero,1784828323.091057230,1784828363.017386767,39.926,88,pass
task_b_cli_file_sum,go,1784828432.232934720,1784828440.840750995,8.608,97,pass
task_b_cli_file_sum,python,1784828458.937311044,1784828462.906030613,3.969,61,pass
task_b_cli_file_sum,node,1784828485.785258636,1784828490.378781376,4.594,87,pass
task_b_cli_file_sum,csharp,1784828501.082645601,1784828505.509913775,4.427,80,pass
task_b_cli_file_sum,java,1784828525.333163089,1784828532.160794986,6.828,127,pass
task_c_function_test,zero,1784828548.182516794,1784828553.047846200,4.865,123,pass
task_c_function_test,go,1784828564.137224121,1784828569.796555382,5.659,73,pass
task_c_function_test,python,1784828582.340451547,1784828593.897589791,11.557,37,pass
task_c_function_test,node,1784828610.780114790,1784828619.221308555,8.441,72,pass
task_c_function_test,csharp,1784828633.793560805,1784828647.247638741,13.454,63,pass
task_c_function_test,java,1784828695.038291419,1784828702.981653412,7.943,74,pass
